epoch,train_loss,train_accuracy,val_loss,val_accuracy
1,1.6463118481318155,0.3987777777777778,1.3624957468032837,0.5034
2,1.3486469418843587,0.5140444444444444,1.1692438962936402,0.586
3,1.192304349984063,0.5714888888888889,1.0507356674194337,0.6208
4,1.0941916055467393,0.6130444444444444,0.9945056467056275,0.6476
5,1.0389542147106594,0.6305333333333333,0.9526352617263794,0.6554
6,0.9868284865061442,0.6519111111111111,0.8759636768341065,0.6858
7,0.9521763281080458,0.662,0.8905081095218659,0.674
8,0.9186397962570191,0.6760888888888889,0.8562760323524475,0.7016
9,0.8858061284595066,0.6893777777777778,0.8059828765392304,0.716
10,0.8666017219755384,0.6953777777777778,0.8332031806945801,0.7012
11,0.8383244436052111,0.7068,0.7671427931785584,0.7274
12,0.8275114696502686,0.7090888888888889,0.7602101302146912,0.7318
13,0.8050167185147603,0.7188,0.7909317193984985,0.725
14,0.7886229991277058,0.7243777777777778,0.7493688884735108,0.735
15,0.7721865592108832,0.7286666666666667,0.7348530149459839,0.741
16,0.7658466347694397,0.7317333333333333,0.7141890886306763,0.748
17,0.7489067046218448,0.7381555555555556,0.7293431118965149,0.74
18,0.7366870095252991,0.7418888888888889,0.7337849227905273,0.7388
19,0.72554521484375,0.7440666666666667,0.7033102883338929,0.7526
20,0.7109978707631429,0.7515555555555555,0.7079781997680664,0.7482
21,0.7059724157439338,0.7513111111111112,0.6826464798927308,0.7552
22,0.6986581686655681,0.7568444444444444,0.686784661102295,0.7566
23,0.6878445401615567,0.7585111111111111,0.687892740726471,0.761
24,0.6843851325564915,0.7599333333333333,0.6816945833206177,0.7598
25,0.6672260020362006,0.7657111111111111,0.6814003063201904,0.7568
26,0.6675703530629475,0.7674666666666666,0.6803873408317566,0.758
27,0.6567188282118903,0.7683111111111111,0.6646145473480225,0.762
28,0.6531363706588745,0.7695333333333333,0.6751459465980529,0.759
29,0.6455273977173699,0.7732666666666667,0.6689635895729065,0.7642
30,0.6404411396768358,0.7755777777777778,0.670374942779541,0.764
31,0.6345043666362763,0.7780444444444444,0.6708167375564575,0.7672
32,0.6324789709726969,0.7777333333333334,0.6588135644912719,0.7694
33,0.6258741506682501,0.7821111111111111,0.6676401840209961,0.763
34,0.6170636011865404,0.7828444444444445,0.6743651821136475,0.7602
35,0.6153241326332092,0.7831111111111111,0.6520421206474304,0.7766
36,0.6096258648660448,0.7865333333333333,0.6728202268600464,0.7636
37,0.607340316857232,0.7857777777777778,0.698037202835083,0.7596
38,0.5985178136931525,0.7880666666666667,0.6648073180198669,0.7678
39,0.5966469509866502,0.7910222222222222,0.641059256696701,0.7756
40,0.5889447733985054,0.793,0.6559355743408203,0.7712
