epoch,learning_rate,train_loss,train_accuracy,val_loss,val_accuracy
1,0.001,1.483755793677436,0.4590222222222222,1.1932472244262695,0.5798
2,0.001,1.1149598124610054,0.6020444444444445,0.9855915670394897,0.6384
3,0.001,0.9769105802430047,0.6550444444444444,0.9348390203475953,0.6808
4,0.001,0.9142584660847982,0.6756666666666666,0.808843890953064,0.7136
5,0.001,0.8543138320710923,0.6988888888888889,0.8241448008537292,0.7048
6,0.001,0.8156655143419902,0.7108,0.7544488429069519,0.7386
7,0.001,0.7907392586390177,0.7204888888888888,0.7313733565330506,0.7482
8,0.001,0.7519897190411886,0.7343555555555555,0.7523333375930786,0.7332
9,0.001,0.7284552914937337,0.7429111111111111,0.7280257370948792,0.7516
10,0.001,0.703468109258016,0.7524666666666666,0.7129151329040527,0.7478
